{
    "1": {
        "nokia": "neg",
        "google": "neutro",
        "microsoft": "neutro"
    },
    "2": {
        "nokia": "neutro",
        "google": "neutro",
        "microsoft": "pos",
        "apple": "neutro"
    },
    "3": {
        "google": "pos",
        "microsoft": "neutro",
        "apple": "neutro"
    },
    "4": {
        "nokia": "pos",
        "apple": "neg"
    },
    "5": {
        "google": "pos",
        "microsoft": "pos"
    },
    "6": {
        "nokia": "neutro",
        "google": "neutro",
        "microsoft": "neutro",
        "apple": "neutro"
    },
    "7": {
        "google": "pos",
        "microsoft": "neg",
        "apple": "pos"
    },
    "8": {
        "google": "pos",
        "microsoft": "pos",
        "apple": "pos"
    },
    "9": {
        "nokia": "neutro",
        "google": "neutro",
        "microsoft": "neutro",
        "apple": "neutro"
    },
    "10": {
        "nokia": "pos",
        "microsoft": "neutro",
        "apple": "pos"
    },
    "11": {
        "nokia": "neutro",
        "google": "neutro",
        "microsoft": "pos",
        "apple": "neutro"
    },
    "12": {
        "nokia": "neutro",
        "google": "pos",
        "microsoft": "neutro",
        "apple": "pos"
    },
    "13": {
        "nokia": "neutro",
        "google": "neutro",
        "microsoft": "neutro",
        "apple": "pos"
    },
    "14": {
        "nokia": "pos",
        "google": "neutro",
        "microsoft": "pos",
        "apple": "neutro"
    },
    "15": {
        "nokia": "pos",
        "google": "pos",
        "microsoft": "neg",
        "apple": "pos"
    },
    "16": {
        "nokia": "pos",
        "google": "pos",
        "microsoft": "pos",
        "apple": "neg"
    },
    "17": {
        "nokia": "pos",
        "google": "pos",
        "microsoft": "neutro",
        "apple": "pos"
    },
    "18": {
        "google": "pos",
        "microsoft": "pos"
    },
    "19": {
        "google": "neg",
        "microsoft": "neutro",
        "apple": "neutro"
    },
    "20": {
        "nokia": "pos",
        "google": "pos",
        "microsoft": "pos",
        "apple": "pos"
    },
    "21": {
        "nokia": "pos",
        "google": "neutro",
        "apple": "neg"
    },
    "22": {
        "nokia": "pos",
        "google": "pos",
        "microsoft": "neutro",
        "apple": "neg"
    },
    "23": {
        "nokia": "neg",
        "microsoft": "neutro"
    },
    "24": {
        "nokia": "neutro",
        "google": "neutro",
        "microsoft": "neutro",
        "apple": "neutro"
    },
    "25": {
        "nokia": "pos",
        "google": "pos",
        "microsoft": "pos",
        "apple": "pos"
    },
    "26": {
        "nokia": "neg",
        "google": "pos",
        "microsoft": "neg",
        "apple": "pos"
    },
    "27": {
        "nokia": "neutro",
        "google": "neutro",
        "apple": "neutro"
    },
    "28": {
        "nokia": "neg",
        "google": "neutro",
        "apple": "neutro"
    },
    "29": {
        "apple": "neutro"
    },
    "30": {
        "apple": "neutro"
    },
    "31": {
        "apple": "pos"
    },
    "32": {
        "nokia": "neutro",
        "google": "neutro",
        "apple": "pos"
    },
    "33": {
        "google": "neutro",
        "apple": "neutro"
    },
    "34": {
        "apple": "neutro"
    },
    "35": {
        "apple": "pos"
    },
    "36": {
        "nokia": "pos",
        "apple": "pos"
    },
    "37": {
        "nokia": "neutro",
        "apple": "neutro"
    },
    "38": {
        "google": "pos",
        "apple": "neutro"
    },
    "39": {
        "google": "pos",
        "microsoft": "neg",
        "apple": "neg"
    },
    "40": {
        "nokia": "neutro",
        "google": "pos",
        "apple": "neutro"
    },
    "41": {
        "apple": "neutro"
    },
    "42": {
        "nokia": "neutro",
        "google": "pos",
        "apple": "neg"
    },
    "43": {
        "google": "neutro",
        "apple": "neutro"
    },
    "44": {
        "nokia": "pos",
        "google": "neutro",
        "apple": "pos"
    },
    "45": {
        "apple": "neg"
    },
    "46": {
        "nokia": "neutro",
        "google": "neutro",
        "apple": "neg"
    },
    "47": {
        "nokia": "pos",
        "apple": "neutro"
    },
    "48": {
        "apple": "neg"
    },
    "49": {
        "apple": "pos"
    },
    "50": {
        "google": "neutro",
        "microsoft": "neutro",
        "apple": "neutro"
    },
    "51": {
        "nokia": "pos",
        "apple": "pos"
    },
    "52": {
        "google": "neutro",
        "apple": "neutro"
    },
    "53": {
        "apple": "pos"
    },
    "54": {
        "google": "neutro",
        "apple": "neutro"
    },
    "55": {
        "apple": "neutro"
    },
    "56": {
        "apple": "neg"
    },
    "57": {
        "google": "pos",
        "apple": "pos"
    },
    "58": {
        "nokia": "pos",
        "google": "pos",
        "apple": "neg"
    },
    "59": {
        "nokia": "neutro",
        "google": "neutro",
        "apple": "neutro"
    },
    "60": {
        "google": "neutro",
        "apple": "pos"
    },
    "61": {
        "nokia": "pos",
        "apple": "neg"
    },
    "62": {
        "nokia": "pos",
        "apple": "neg"
    },
    "63": {
        "google": "neg",
        "microsoft": "neg",
        "apple": "pos"
    },
    "64": {
        "nokia": "pos",
        "apple": "neg"
    },
    "65": {
        "nokia": "pos",
        "apple": "neg"
    },
    "66": {
        "microsoft": "neutro",
        "apple": "neg"
    },
    "67": {
        "nokia": "pos",
        "google": "neutro",
        "apple": "pos"
    },
    "68": {
        "google": "pos",
        "apple": "neutro"
    },
    "69": {
        "google": "pos",
        "apple": "pos"
    },
    "70": {
        "nokia": "pos",
        "apple": "pos"
    },
    "71": {
        "apple": "neutro"
    },
    "72": {
        "google": "neutro",
        "apple": "neutro"
    },
    "73": {
        "google": "neutro",
        "apple": "neutro"
    },
    "74": {
        "apple": "pos"
    },
    "75": {
        "apple": "neutro"
    },
    "76": {
        "apple": "pos"
    },
    "77": {
        "nokia": "pos",
        "apple": "neutro"
    },
    "78": {
        "nokia": "pos",
        "apple": "neg"
    },
    "79": {
        "nokia": "neg",
        "apple": "neg"
    },
    "80": {
        "nokia": "pos",
        "apple": "pos"
    },
    "81": {
        "nokia": "neutro",
        "apple": "neutro"
    },
    "82": {
        "google": "neutro",
        "microsoft": "neutro",
        "apple": "neutro"
    },
    "83": {
        "apple": "pos"
    },
    "84": {
        "nokia": "pos",
        "google": "neutro",
        "apple": "pos"
    },
    "85": {
        "apple": "neutro"
    },
    "86": {
        "microsoft": "pos",
        "apple": "pos"
    },
    "87": {
        "nokia": "neutro",
        "google": "pos",
        "microsoft": "neutro",
        "apple": "neutro"
    },
    "88": {
        "google": "neutro",
        "microsoft": "neutro",
        "apple": "neutro"
    },
    "89": {
        "apple": "neutro"
    },
    "90": {
        "apple": "neutro"
    },
    "91": {
        "apple": "neutro"
    },
    "92": {
        "google": "pos",
        "apple": "pos"
    },
    "93": {
        "apple": "neutro"
    },
    "94": {
        "nokia": "neutro",
        "apple": "neutro"
    },
    "95": {
        "apple": "neutro"
    },
    "96": {
        "nokia": "pos",
        "apple": "neutro"
    },
    "97": {
        "nokia": "neutro",
        "apple": "pos"
    },
    "98": {
        "nokia": "pos",
        "apple": "neutro"
    },
    "99": {
        "apple": "neutro"
    },
    "100": {
        "apple": "neutro"
    },
    "101": {
        "apple": "neutro"
    },
    "102": {
        "apple": "pos"
    },
    "103": {
        "apple": "neg"
    },
    "104": {
        "apple": "neutro"
    },
    "105": {
        "nokia": "neg",
        "google": "neg",
        "microsoft": "neutro",
        "apple": "pos"
    },
    "106": {
        "nokia": "neg",
        "apple": "pos"
    },
    "107": {
        "apple": "neutro"
    },
    "108": {
        "apple": "neutro"
    },
    "109": {
        "google": "neutro",
        "apple": "neutro"
    },
    "110": {
        "apple": "neutro"
    },
    "111": {
        "apple": "neutro"
    },
    "112": {
        "apple": "neutro"
    },
    "113": {
        "apple": "neutro"
    },
    "114": {
        "nokia": "neg",
        "apple": "neutro"
    },
    "115": {
        "microsoft": "neutro",
        "apple": "neutro"
    },
    "116": {
        "apple": "neutro"
    },
    "117": {
        "microsoft": "neutro",
        "apple": "neutro"
    },
    "118": {
        "apple": "neutro"
    },
    "119": {
        "nokia": "neg",
        "apple": "neutro"
    },
    "120": {
        "apple": "neutro"
    },
    "121": {
        "google": "neutro",
        "apple": "neutro"
    },
    "122": {
        "apple": "pos"
    },
    "123": {
        "apple": "neutro"
    },
    "124": {
        "apple": "neutro"
    },
    "125": {
        "apple": "neutro"
    },
    "126": {
        "google": "pos",
        "microsoft": "neutro",
        "apple": "pos"
    },
    "127": {
        "microsoft": "neg",
        "apple": "pos"
    },
    "128": {
        "nokia": "pos",
        "apple": "neg"
    },
    "129": {
        "google": "pos",
        "microsoft": "pos",
        "apple": "pos"
    },
    "130": {
        "apple": "pos"
    },
    "131": {
        "google": "neg",
        "apple": "pos"
    },
    "132": {
        "apple": "neutro"
    },
    "133": {
        "google": "pos",
        "apple": "pos"
    },
    "134": {
        "google": "pos",
        "apple": "neutro"
    },
    "135": {
        "microsoft": "neg",
        "apple": "pos"
    },
    "136": {
        "apple": "pos"
    },
    "137": {
        "google": "neg",
        "apple": "pos"
    },
    "138": {
        "google": "pos",
        "apple": "pos"
    },
    "139": {
        "google": "pos",
        "apple": "pos"
    },
    "140": {
        "apple": "pos"
    },
    "141": {
        "google": "neg",
        "apple": "neg"
    },
    "142": {
        "apple": "neg"
    },
    "143": {
        "apple": "neg"
    },
    "144": {
        "google": "neg",
        "apple": "neg"
    },
    "145": {
        "nokia": "pos",
        "apple": "neg"
    },
    "146": {
        "nokia": "neg",
        "google": "neutro",
        "apple": "pos"
    },
    "147": {
        "nokia": "pos",
        "google": "neutro",
        "apple": "pos"
    },
    "148": {
        "apple": "pos"
    },
    "149": {
        "nokia": "pos",
        "apple": "neg"
    },
    "150": {
        "apple": "pos"
    },
    "151": {
        "google": "neutro",
        "apple": "pos"
    },
    "152": {
        "nokia": "neutro",
        "apple": "neutro"
    },
    "153": {
        "apple": "neutro"
    },
    "154": {
        "apple": "neutro"
    },
    "155": {
        "apple": "pos"
    },
    "156": {
        "apple": "pos"
    },
    "157": {
        "apple": "neg"
    },
    "158": {
        "apple": "pos"
    },
    "159": {
        "nokia": "neutro",
        "google": "pos",
        "microsoft": "neg",
        "apple": "pos"
    },
    "160": {
        "google": "neg",
        "apple": "pos"
    },
    "161": {
        "apple": "pos"
    },
    "162": {
        "nokia": "pos",
        "google": "pos",
        "microsoft": "pos",
        "apple": "pos"
    },
    "163": {
        "nokia": "pos",
        "apple": "neutro"
    },
    "164": {
        "nokia": "pos",
        "apple": "pos"
    },
    "165": {
        "nokia": "neutro",
        "apple": "neutro"
    },
    "166": {
        "nokia": "neg",
        "google": "pos",
        "microsoft": "neutro",
        "apple": "pos"
    },
    "167": {
        "apple": "neg"
    },
    "168": {
        "nokia": "neutro",
        "apple": "neutro"
    },
    "169": {
        "nokia": "neutro",
        "apple": "neutro"
    },
    "170": {
        "apple": "neutro"
    },
    "171": {
        "apple": "neutro"
    },
    "172": {
        "nokia": "neg",
        "google": "neg",
        "microsoft": "neg",
        "apple": "pos"
    },
    "173": {
        "apple": "pos"
    },
    "174": {
        "nokia": "pos",
        "apple": "pos"
    },
    "175": {
        "nokia": "neutro",
        "google": "neutro",
        "apple": "pos"
    },
    "176": {
        "google": "neutro",
        "apple": "pos"
    },
    "177": {
        "apple": "neg"
    },
    "178": {
        "apple": "pos"
    },
    "179": {
        "apple": "pos"
    },
    "180": {
        "apple": "pos"
    },
    "181": {
        "apple": "pos"
    },
    "182": {
        "apple": "neutro"
    },
    "183": {
        "apple": "pos"
    },
    "184": {
        "apple": "pos"
    },
    "185": {
        "google": "neg",
        "apple": "pos"
    },
    "186": {
        "apple": "neutro"
    },
    "187": {
        "apple": "neutro"
    },
    "188": {
        "nokia": "neutro",
        "google": "neutro",
        "microsoft": "neutro",
        "apple": "neutro"
    },
    "189": {
        "apple": "pos"
    },
    "190": {
        "google": "neutro",
        "apple": "neutro"
    },
    "191": {
        "nokia": "pos",
        "apple": "neutro"
    },
    "192": {
        "apple": "pos"
    },
    "193": {
        "google": "neutro",
        "microsoft": "neutro",
        "apple": "neutro"
    },
    "194": {
        "nokia": "neutro",
        "apple": "neutro"
    },
    "195": {
        "google": "pos",
        "apple": "pos"
    },
    "196": {
        "nokia": "neg",
        "google": "neg",
        "apple": "neg"
    },
    "197": {
        "apple": "neg"
    },
    "198": {
        "google": "pos",
        "apple": "neg"
    },
    "199": {
        "apple": "pos"
    },
    "200": {
        "google": "neutro",
        "apple": "neutro"
    },
    "201": {
        "google": "neutro",
        "microsoft": "neutro",
        "apple": "neutro"
    },
    "202": {
        "google": "pos",
        "apple": "pos"
    },
    "203": {
        "nokia": "neg",
        "google": "neutro",
        "microsoft": "neutro",
        "apple": "neutro"
    },
    "204": {
        "apple": "neutro"
    },
    "205": {
        "apple": "neutro"
    },
    "206": {
        "nokia": "pos",
        "google": "neutro",
        "apple": "neutro"
    },
    "207": {
        "microsoft": "pos",
        "apple": "pos"
    },
    "208": {
        "google": "neutro",
        "apple": "neutro"
    },
    "209": {
        "nokia": "neg",
        "apple": "neg"
    },
    "210": {
        "google": "neg",
        "apple": "pos"
    },
    "211": {
        "nokia": "pos",
        "google": "neutro",
        "microsoft": "pos",
        "apple": "pos"
    },
    "212": {
        "nokia": "neutro",
        "google": "pos",
        "apple": "pos"
    },
    "213": {
        "apple": "neg"
    },
    "214": {
        "apple": "neutro"
    },
    "215": {
        "google": "pos",
        "apple": "pos"
    },
    "216": {
        "nokia": "pos",
        "google": "neutro",
        "microsoft": "neutro",
        "apple": "neutro"
    },
    "217": {
        "apple": "neutro"
    },
    "218": {
        "apple": "neutro"
    },
    "219": {
        "apple": "neutro"
    },
    "220": {
        "apple": "pos"
    },
    "221": {
        "nokia": "neutro",
        "google": "neutro",
        "microsoft": "neutro",
        "apple": "neutro"
    },
    "222": {
        "google": "neutro",
        "apple": "neutro"
    },
    "223": {
        "apple": "pos"
    },
    "224": {
        "apple": "neutro"
    },
    "225": {
        "apple": "pos"
    },
    "226": {
        "apple": "pos"
    },
    "227": {
        "google": "pos",
        "apple": "pos"
    },
    "228": {
        "apple": "neutro"
    },
    "229": {
        "nokia": "neutro",
        "microsoft": "neutro",
        "apple": "neutro"
    },
    "230": {
        "google": "neutro",
        "apple": "pos"
    },
    "231": {
        "nokia": "neg",
        "apple": "pos"
    },
    "232": {
        "google": "neg",
        "apple": "neutro"
    },
    "233": {
        "google": "neg",
        "apple": "neg"
    },
    "234": {
        "nokia": "neutro",
        "google": "pos",
        "apple": "pos"
    },
    "235": {
        "nokia": "neutro",
        "apple": "neutro"
    },
    "236": {
        "google": "pos",
        "apple": "neutro"
    },
    "237": {
        "nokia": "neutro",
        "apple": "pos"
    },
    "238": {
        "apple": "pos"
    },
    "239": {
        "nokia": "neutro",
        "google": "pos",
        "apple": "neutro"
    },
    "240": {
        "apple": "neutro"
    },
    "241": {
        "apple": "pos"
    },
    "242": {
        "nokia": "neutro",
        "apple": "neg"
    },
    "243": {
        "apple": "neutro"
    },
    "244": {
        "apple": "neutro"
    },
    "245": {
        "nokia": "neg",
        "google": "neutro",
        "apple": "neg"
    },
    "246": {
        "apple": "neutro"
    },
    "247": {
        "apple": "neutro"
    },
    "248": {
        "microsoft": "pos",
        "apple": "pos"
    },
    "249": {
        "google": "neutro",
        "apple": "neutro"
    },
    "250": {
        "google": "neutro",
        "apple": "neutro"
    },
    "251": {
        "nokia": "neg",
        "google": "pos",
        "microsoft": "pos",
        "apple": "neg"
    },
    "252": {
        "apple": "neutro"
    },
    "253": {
        "nokia": "neg",
        "apple": "neutro"
    },
    "254": {
        "apple": "pos"
    },
    "255": {
        "google": "neutro",
        "apple": "neutro"
    },
    "256": {
        "nokia": "neg",
        "apple": "neg"
    },
    "257": {
        "apple": "pos"
    },
    "258": {
        "nokia": "neg",
        "google": "pos",
        "apple": "neg"
    },
    "259": {
        "google": "pos",
        "apple": "pos"
    },
    "260": {
        "nokia": "neutro",
        "apple": "neutro"
    },
    "261": {
        "apple": "neutro"
    },
    "262": {
        "apple": "neutro"
    },
    "263": {
        "apple": "neutro"
    },
    "264": {
        "apple": "pos"
    },
    "265": {
        "apple": "neutro"
    },
    "266": {
        "nokia": "neg",
        "apple": "neg"
    },
    "267": {
        "nokia": "neutro",
        "google": "pos",
        "apple": "neg"
    },
    "268": {
        "nokia": "pos",
        "google": "neutro",
        "microsoft": "neutro",
        "apple": "neutro"
    },
    "269": {
        "apple": "neutro"
    },
    "270": {
        "google": "pos",
        "microsoft": "neg",
        "apple": "neutro"
    },
    "271": {
        "nokia": "neutro",
        "microsoft": "neutro",
        "apple": "neutro"
    },
    "272": {
        "apple": "pos"
    },
    "273": {
        "apple": "neutro"
    },
    "274": {
        "nokia": "neutro",
        "google": "pos",
        "microsoft": "neutro",
        "apple": "neutro"
    },
    "275": {
        "apple": "neutro"
    },
    "276": {
        "nokia": "pos",
        "apple": "neutro"
    },
    "277": {
        "nokia": "neg",
        "google": "neutro",
        "microsoft": "neutro",
        "apple": "pos"
    },
    "278": {
        "nokia": "pos",
        "google": "neutro",
        "apple": "neutro"
    },
    "279": {
        "apple": "neg"
    },
    "280": {
        "apple": "neutro"
    },
    "281": {
        "apple": "neutro"
    },
    "282": {
        "apple": "neutro"
    },
    "283": {
        "apple": "neutro"
    },
    "284": {
        "microsoft": "neutro",
        "apple": "neutro"
    },
    "285": {
        "apple": "pos"
    },
    "286": {
        "apple": "neutro"
    },
    "287": {
        "google": "pos",
        "apple": "pos"
    },
    "288": {
        "nokia": "neutro",
        "apple": "neutro"
    },
    "289": {
        "apple": "neutro"
    },
    "290": {
        "apple": "neg"
    },
    "291": {
        "nokia": "neutro",
        "microsoft": "neutro",
        "apple": "neutro"
    },
    "292": {
        "nokia": "neutro",
        "apple": "neutro"
    },
    "293": {
        "nokia": "pos",
        "apple": "pos"
    },
    "294": {
        "nokia": "neutro",
        "google": "neutro",
        "microsoft": "neutro",
        "apple": "neutro"
    },
    "295": {
        "apple": "pos"
    },
    "296": {
        "apple": "pos"
    },
    "297": {
        "apple": "neutro"
    },
    "298": {
        "google": "neutro",
        "apple": "neutro"
    },
    "299": {
        "nokia": "neg",
        "google": "neutro",
        "microsoft": "pos",
        "apple": "neutro"
    },
    "300": {
        "apple": "neutro"
    },
    "301": {
        "apple": "pos"
    },
    "302": {
        "microsoft": "neutro",
        "apple": "neutro"
    },
    "303": {
        "apple": "neutro"
    },
    "304": {
        "google": "neutro",
        "apple": "neutro"
    },
    "305": {
        "nokia": "neutro",
        "google": "neutro",
        "microsoft": "neutro",
        "apple": "neutro"
    },
    "306": {
        "apple": "neutro"
    },
    "307": {
        "apple": "neg"
    },
    "308": {
        "nokia": "neutro",
        "google": "neutro",
        "microsoft": "neutro",
        "apple": "pos"
    },
    "309": {
        "apple": "pos"
    },
    "310": {
        "apple": "neg"
    },
    "311": {
        "apple": "pos"
    },
    "312": {
        "apple": "pos"
    },
    "313": {
        "nokia": "neutro",
        "google": "neutro",
        "apple": "pos"
    },
    "314": {
        "google": "neutro",
        "apple": "neg"
    },
    "315": {
        "nokia": "pos",
        "google": "neutro",
        "microsoft": "neutro",
        "apple": "pos"
    },
    "316": {
        "google": "pos",
        "apple": "neutro"
    },
    "317": {
        "google": "pos",
        "microsoft": "pos",
        "apple": "pos"
    },
    "318": {
        "apple": "neutro"
    },
    "319": {
        "apple": "neg"
    },
    "320": {
        "apple": "neutro"
    },
    "321": {
        "apple": "neutro"
    },
    "322": {
        "microsoft": "neg",
        "apple": "pos"
    },
    "323": {
        "google": "pos",
        "apple": "pos"
    },
    "324": {
        "google": "neutro",
        "microsoft": "neutro",
        "apple": "neutro"
    },
    "325": {
        "nokia": "neutro",
        "apple": "neutro"
    },
    "326": {
        "apple": "pos"
    },
    "327": {
        "nokia": "pos",
        "microsoft": "pos",
        "apple": "pos"
    },
    "328": {
        "apple": "pos"
    },
    "329": {
        "apple": "neg"
    },
    "330": {
        "microsoft": "pos",
        "apple": "pos"
    },
    "331": {
        "microsoft": "neg",
        "apple": "pos"
    },
    "332": {
        "nokia": "neutro",
        "apple": "pos"
    },
    "333": {
        "microsoft": "pos",
        "apple": "pos"
    },
    "334": {
        "google": "neg",
        "apple": "neutro"
    },
    "335": {
        "apple": "pos"
    },
    "336": {
        "microsoft": "neg",
        "apple": "pos"
    },
    "337": {
        "microsoft": "neg",
        "apple": "pos"
    },
    "338": {
        "apple": "neutro"
    },
    "339": {
        "google": "neutro",
        "microsoft": "neutro",
        "apple": "neutro"
    },
    "340": {
        "apple": "neutro"
    },
    "341": {
        "apple": "neutro"
    },
    "342": {
        "nokia": "neutro",
        "google": "neutro",
        "microsoft": "neutro",
        "apple": "neutro"
    },
    "343": {
        "google": "neutro",
        "microsoft": "pos",
        "apple": "pos"
    },
    "344": {
        "apple": "neutro"
    },
    "345": {
        "apple": "neg"
    },
    "346": {
        "apple": "pos"
    },
    "347": {
        "nokia": "pos",
        "apple": "pos"
    },
    "348": {
        "nokia": "neutro",
        "google": "neutro",
        "microsoft": "neutro",
        "apple": "neutro"
    },
    "349": {
        "google": "neutro",
        "apple": "neutro"
    },
    "350": {
        "google": "neg",
        "apple": "pos"
    },
    "351": {
        "nokia": "pos",
        "google": "pos",
        "microsoft": "neg",
        "apple": "neutro"
    },
    "352": {
        "nokia": "pos",
        "google": "neutro",
        "microsoft": "neutro",
        "apple": "neutro"
    },
    "353": {
        "apple": "neg"
    },
    "354": {
        "nokia": "pos",
        "google": "neutro",
        "microsoft": "neutro",
        "apple": "pos"
    },
    "355": {
        "nokia": "pos",
        "apple": "pos"
    },
    "356": {
        "nokia": "neutro",
        "google": "neutro",
        "microsoft": "pos",
        "apple": "neutro"
    },
    "357": {
        "nokia": "pos",
        "apple": "pos"
    },
    "358": {
        "apple": "neutro"
    },
    "359": {
        "apple": "pos"
    },
    "360": {
        "apple": "neutro"
    },
    "361": {
        "microsoft": "neg",
        "apple": "pos"
    },
    "362": {
        "nokia": "neg",
        "apple": "pos"
    },
    "363": {
        "apple": "neutro"
    },
    "364": {
        "nokia": "neg",
        "apple": "neutro"
    },
    "365": {
        "nokia": "pos",
        "apple": "neutro"
    },
    "366": {
        "nokia": "pos",
        "google": "neutro",
        "apple": "neg"
    },
    "367": {
        "nokia": "neutro",
        "google": "pos",
        "apple": "neutro"
    },
    "368": {
        "microsoft": "neg",
        "apple": "pos"
    },
    "369": {
        "apple": "neutro"
    },
    "370": {
        "google": "neutro",
        "apple": "neg"
    },
    "371": {
        "nokia": "neutro",
        "apple": "neutro"
    },
    "372": {
        "apple": "neutro"
    },
    "373": {
        "nokia": "neutro",
        "google": "neutro",
        "apple": "neutro"
    },
    "374": {
        "nokia": "neutro",
        "google": "pos",
        "microsoft": "neutro",
        "apple": "neutro"
    },
    "375": {
        "nokia": "neutro",
        "apple": "neutro"
    },
    "376": {
        "google": "neutro",
        "apple": "neutro"
    },
    "377": {
        "apple": "neutro"
    },
    "378": {
        "nokia": "neutro",
        "apple": "neutro"
    },
    "379": {
        "nokia": "neutro",
        "google": "neutro",
        "apple": "neutro"
    },
    "380": {
        "google": "neutro",
        "microsoft": "neutro",
        "apple": "neutro"
    },
    "381": {
        "apple": "neutro"
    },
    "382": {
        "apple": "neutro"
    },
    "383": {
        "apple": "neutro"
    },
    "384": {
        "apple": "neutro"
    },
    "385": {
        "google": "pos",
        "apple": "neutro"
    },
    "386": {
        "apple": "neutro"
    },
    "387": {
        "nokia": "neutro",
        "google": "pos",
        "microsoft": "neutro",
        "apple": "neutro"
    },
    "388": {
        "google": "neg",
        "microsoft": "neg",
        "apple": "neutro"
    },
    "389": {
        "nokia": "pos",
        "google": "neutro",
        "microsoft": "neutro",
        "apple": "neutro"
    },
    "390": {
        "google": "pos",
        "apple": "neg"
    },
    "391": {
        "microsoft": "neutro",
        "apple": "neutro"
    },
    "392": {
        "microsoft": "neutro",
        "apple": "pos"
    },
    "393": {
        "google": "neutro",
        "apple": "neutro"
    },
    "394": {
        "google": "neutro",
        "apple": "neutro"
    },
    "395": {
        "apple": "neutro"
    },
    "396": {
        "apple": "neutro"
    },
    "397": {
        "apple": "neg"
    },
    "398": {
        "microsoft": "neutro",
        "apple": "pos"
    },
    "399": {
        "apple": "neutro"
    },
    "400": {
        "apple": "neutro"
    },
    "401": {
        "google": "neutro",
        "apple": "neutro"
    },
    "402": {
        "nokia": "neutro",
        "google": "neutro",
        "microsoft": "neutro",
        "apple": "neutro"
    },
    "403": {
        "google": "neutro",
        "apple": "neutro"
    },
    "404": {
        "apple": "neutro"
    },
    "405": {
        "nokia": "pos",
        "google": "neutro",
        "microsoft": "neutro",
        "apple": "pos"
    },
    "406": {
        "apple": "pos"
    },
    "407": {
        "apple": "neutro"
    },
    "408": {
        "apple": "neutro"
    },
    "409": {
        "google": "neutro",
        "apple": "neutro"
    },
    "410": {
        "nokia": "neutro",
        "google": "neutro",
        "apple": "pos"
    },
    "411": {
        "google": "neutro",
        "apple": "neutro"
    },
    "412": {
        "google": "pos",
        "apple": "pos"
    },
    "413": {
        "apple": "pos"
    },
    "414": {
        "nokia": "neutro",
        "apple": "pos"
    },
    "415": {
        "nokia": "neutro",
        "google": "neutro",
        "microsoft": "neutro",
        "apple": "pos"
    },
    "416": {
        "apple": "neutro"
    },
    "417": {
        "google": "neutro",
        "apple": "pos"
    },
    "418": {
        "nokia": "pos",
        "apple": "pos"
    },
    "419": {
        "nokia": "neutro",
        "google": "pos",
        "apple": "pos"
    },
    "420": {
        "nokia": "neutro",
        "google": "neutro",
        "microsoft": "neutro",
        "apple": "neutro"
    },
    "421": {
        "apple": "neutro"
    },
    "422": {
        "nokia": "neutro",
        "google": "neutro",
        "microsoft": "neutro",
        "apple": "neutro"
    },
    "423": {
        "apple": "neutro"
    },
    "424": {
        "nokia": "neg",
        "apple": "neg"
    },
    "425": {
        "nokia": "neg",
        "apple": "neg"
    },
    "426": {
        "nokia": "neg",
        "apple": "neg"
    },
    "427": {
        "apple": "neutro"
    },
    "428": {
        "apple": "neutro"
    },
    "429": {
        "apple": "pos"
    },
    "430": {
        "nokia": "pos",
        "google": "pos",
        "apple": "neutro"
    },
    "431": {
        "apple": "neutro"
    },
    "432": {
        "nokia": "pos",
        "apple": "neutro"
    },
    "433": {
        "apple": "neutro"
    },
    "434": {
        "google": "neutro",
        "apple": "neutro"
    },
    "435": {
        "apple": "neutro"
    },
    "436": {
        "apple": "neutro"
    },
    "437": {
        "nokia": "neutro",
        "apple": "neutro"
    },
    "438": {
        "nokia": "neg",
        "apple": "neg"
    },
    "439": {
        "google": "neg",
        "microsoft": "neg",
        "apple": "neg"
    },
    "440": {
        "nokia": "neg",
        "apple": "neg"
    },
    "441": {
        "apple": "pos"
    },
    "442": {
        "apple": "neutro"
    },
    "443": {
        "nokia": "neutro",
        "apple": "neutro"
    },
    "444": {
        "nokia": "pos",
        "google": "neutro",
        "microsoft": "pos",
        "apple": "neutro"
    },
    "445": {
        "nokia": "pos",
        "apple": "neg"
    },
    "446": {
        "nokia": "neg",
        "google": "neg",
        "apple": "pos"
    },
    "447": {
        "nokia": "neg",
        "google": "neg",
        "apple": "pos"
    },
    "448": {
        "nokia": "neg",
        "apple": "neg"
    },
    "449": {
        "nokia": "neutro",
        "apple": "pos"
    },
    "450": {
        "nokia": "neutro",
        "google": "neutro",
        "apple": "neutro"
    },
    "451": {
        "nokia": "neg",
        "apple": "neg"
    },
    "452": {
        "nokia": "neg",
        "google": "neg",
        "microsoft": "neg",
        "apple": "neg"
    },
    "453": {
        "google": "neutro",
        "apple": "neutro"
    },
    "454": {
        "google": "neutro",
        "microsoft": "neutro"
    },
    "455": {
        "google": "neg",
        "microsoft": "neg",
        "apple": "neg"
    },
    "456": {
        "apple": "neutro"
    },
    "457": {
        "nokia": "neutro",
        "google": "neutro",
        "apple": "pos"
    },
    "458": {
        "apple": "neutro"
    },
    "459": {
        "nokia": "pos",
        "apple": "neutro"
    },
    "460": {
        "nokia": "neg",
        "google": "neutro",
        "microsoft": "pos",
        "apple": "neutro"
    },
    "461": {
        "google": "pos",
        "apple": "pos"
    },
    "462": {
        "apple": "neutro"
    },
    "463": {
        "google": "pos",
        "apple": "pos"
    },
    "464": {
        "apple": "neutro"
    },
    "465": {
        "google": "neutro",
        "apple": "neg"
    },
    "466": {
        "apple": "neutro"
    },
    "467": {
        "nokia": "neg",
        "google": "neutro",
        "apple": "neg"
    },
    "468": {
        "nokia": "neg",
        "google": "neutro",
        "apple": "neg"
    },
    "469": {
        "microsoft": "neutro",
        "apple": "neutro"
    },
    "470": {
        "nokia": "neutro",
        "apple": "neutro"
    },
    "471": {
        "google": "neutro",
        "microsoft": "pos",
        "apple": "neutro"
    },
    "472": {
        "google": "neutro",
        "apple": "neutro"
    },
    "473": {
        "apple": "neutro"
    },
    "474": {
        "google": "pos",
        "apple": "pos"
    },
    "475": {
        "apple": "neutro"
    },
    "476": {
        "apple": "neutro"
    },
    "477": {
        "apple": "neutro"
    },
    "478": {
        "apple": "neutro"
    },
    "479": {
        "nokia": "neutro",
        "apple": "neutro"
    },
    "480": {
        "apple": "neg"
    },
    "481": {
        "apple": "pos"
    },
    "482": {
        "apple": "pos"
    },
    "483": {
        "nokia": "pos",
        "apple": "pos"
    },
    "484": {
        "nokia": "neutro",
        "microsoft": "neutro",
        "apple": "neg"
    },
    "485": {
        "nokia": "neutro",
        "google": "neutro",
        "apple": "neutro"
    },
    "486": {
        "nokia": "pos",
        "google": "neutro",
        "apple": "pos"
    },
    "487": {
        "nokia": "neutro",
        "google": "neutro",
        "microsoft": "neutro",
        "apple": "neutro"
    },
    "488": {
        "google": "neutro",
        "microsoft": "neutro",
        "apple": "neutro"
    },
    "489": {
        "apple": "neutro"
    },
    "490": {
        "google": "neutro",
        "apple": "neutro"
    },
    "491": {
        "apple": "neutro"
    },
    "492": {
        "apple": "neutro"
    },
    "493": {
        "google": "neutro",
        "apple": "neutro"
    },
    "494": {
        "google": "neutro",
        "apple": "neutro"
    },
    "495": {
        "google": "neutro",
        "apple": "pos"
    },
    "496": {
        "nokia": "neutro",
        "google": "neutro",
        "microsoft": "neutro",
        "apple": "pos"
    },
    "497": {
        "google": "neutro",
        "apple": "neutro"
    },
    "498": {
        "apple": "pos"
    },
    "499": {
        "nokia": "neutro",
        "google": "neutro",
        "apple": "neutro"
    },
    "500": {
        "apple": "neutro"
    },
    "501": {
        "nokia": "neutro",
        "apple": "pos"
    },
    "502": {
        "nokia": "neutro",
        "google": "neutro",
        "apple": "neutro"
    },
    "503": {
        "nokia": "neutro",
        "google": "neutro",
        "microsoft": "neutro",
        "apple": "neutro"
    },
    "504": {
        "microsoft": "neutro",
        "apple": "neutro"
    },
    "505": {
        "apple": "neutro"
    },
    "506": {
        "apple": "neutro"
    },
    "507": {
        "apple": "neutro"
    },
    "508": {
        "google": "neutro",
        "apple": "neutro"
    },
    "509": {
        "google": "neutro",
        "apple": "neutro"
    },
    "510": {
        "apple": "neutro"
    },
    "511": {
        "google": "neutro",
        "microsoft": "neutro",
        "apple": "neutro"
    },
    "512": {
        "apple": "neutro"
    },
    "513": {
        "nokia": "neutro",
        "apple": "neutro"
    },
    "514": {
        "google": "neutro",
        "apple": "neutro"
    },
    "515": {
        "apple": "neutro"
    },
    "516": {
        "google": "neutro",
        "apple": "neutro"
    },
    "517": {
        "nokia": "neutro",
        "apple": "neg"
    },
    "518": {
        "apple": "pos"
    },
    "519": {
        "nokia": "pos",
        "google": "neutro",
        "microsoft": "neutro",
        "apple": "neutro"
    },
    "520": {
        "nokia": "neutro",
        "microsoft": "neutro",
        "apple": "neutro"
    },
    "521": {
        "google": "neutro",
        "apple": "neutro"
    },
    "522": {
        "apple": "neutro"
    },
    "523": {
        "nokia": "pos",
        "google": "neutro",
        "microsoft": "neutro",
        "apple": "neutro"
    },
    "524": {
        "apple": "neutro"
    },
    "525": {
        "apple": "neutro"
    },
    "526": {
        "apple": "neutro"
    },
    "527": {
        "nokia": "neutro",
        "apple": "neg"
    },
    "528": {
        "apple": "pos"
    },
    "529": {
        "apple": "neutro"
    },
    "530": {
        "nokia": "neg",
        "google": "neutro",
        "microsoft": "pos",
        "apple": "neg"
    },
    "531": {
        "apple": "neutro"
    },
    "532": {
        "google": "neutro",
        "apple": "neutro"
    },
    "533": {
        "nokia": "neutro",
        "apple": "neutro"
    },
    "534": {
        "microsoft": "neutro",
        "apple": "neutro"
    },
    "535": {
        "microsoft": "neutro",
        "apple": "neutro"
    },
    "536": {
        "apple": "neutro"
    },
    "537": {
        "nokia": "pos",
        "apple": "neg"
    },
    "538": {
        "nokia": "pos",
        "google": "pos",
        "apple": "neg"
    },
    "539": {
        "nokia": "neutro",
        "google": "neutro",
        "microsoft": "neutro",
        "apple": "neutro"
    },
    "540": {
        "nokia": "neutro",
        "google": "neutro",
        "apple": "neutro"
    },
    "541": {
        "apple": "pos"
    },
    "542": {
        "nokia": "pos",
        "apple": "neg"
    },
    "543": {
        "apple": "neutro"
    },
    "544": {
        "apple": "neutro"
    },
    "545": {
        "apple": "neutro"
    },
    "546": {
        "apple": "neutro"
    },
    "547": {
        "google": "neutro",
        "apple": "neutro"
    },
    "548": {
        "google": "neutro",
        "microsoft": "neutro",
        "apple": "neutro"
    },
    "549": {
        "microsoft": "neutro",
        "apple": "neutro"
    },
    "550": {
        "nokia": "neg",
        "apple": "pos"
    },
    "551": {
        "nokia": "neutro",
        "apple": "neutro"
    },
    "552": {
        "nokia": "neutro",
        "apple": "neutro"
    },
    "553": {
        "nokia": "neutro",
        "apple": "neutro"
    },
    "554": {
        "apple": "neg"
    },
    "555": {
        "nokia": "neutro",
        "google": "neutro",
        "apple": "neutro"
    },
    "556": {
        "nokia": "neutro",
        "google": "neutro",
        "apple": "neutro"
    },
    "557": {
        "apple": "neutro"
    },
    "558": {
        "google": "neutro",
        "microsoft": "neutro",
        "apple": "neutro"
    },
    "559": {
        "google": "neutro",
        "microsoft": "pos",
        "apple": "neutro"
    },
    "560": {
        "nokia": "neutro",
        "apple": "neutro"
    },
    "561": {
        "apple": "neutro"
    },
    "562": {
        "nokia": "neutro",
        "apple": "neutro"
    },
    "563": {
        "nokia": "neutro",
        "apple": "neg"
    },
    "564": {
        "apple": "neutro"
    },
    "565": {
        "apple": "pos"
    },
    "566": {
        "microsoft": "neg",
        "apple": "neg"
    },
    "567": {
        "apple": "neutro"
    },
    "568": {
        "google": "pos",
        "apple": "pos"
    },
    "569": {
        "nokia": "neutro",
        "apple": "neg"
    },
    "570": {
        "nokia": "neutro",
        "apple": "neutro"
    },
    "571": {
        "nokia": "neutro",
        "apple": "neutro"
    },
    "572": {
        "nokia": "neutro",
        "google": "neutro",
        "apple": "pos"
    },
    "573": {
        "apple": "neg"
    },
    "574": {
        "apple": "neutro"
    },
    "575": {
        "apple": "neg"
    },
    "576": {
        "apple": "pos"
    },
    "577": {
        "google": "neg",
        "microsoft": "neg",
        "apple": "neg"
    },
    "578": {
        "google": "neutro",
        "apple": "neutro"
    },
    "579": {
        "nokia": "neg",
        "google": "neutro",
        "microsoft": "neg",
        "apple": "neg"
    },
    "580": {
        "nokia": "neutro",
        "google": "pos",
        "microsoft": "neutro",
        "apple": "neg"
    },
    "581": {
        "nokia": "neutro",
        "google": "pos",
        "microsoft": "neutro",
        "apple": "neg"
    },
    "582": {
        "nokia": "neutro",
        "apple": "neg"
    },
    "583": {
        "apple": "neg"
    },
    "584": {
        "microsoft": "neutro",
        "apple": "neutro"
    },
    "585": {
        "microsoft": "pos",
        "apple": "pos"
    },
    "586": {
        "apple": "neg"
    },
    "587": {
        "nokia": "neutro",
        "apple": "neutro"
    },
    "588": {
        "google": "neutro",
        "apple": "neutro"
    },
    "589": {
        "google": "neutro",
        "microsoft": "neutro",
        "apple": "neutro"
    },
    "590": {
        "apple": "pos"
    },
    "591": {
        "nokia": "neutro",
        "apple": "neutro"
    },
    "592": {
        "nokia": "neutro",
        "google": "neutro",
        "microsoft": "neutro",
        "apple": "neutro"
    },
    "593": {
        "nokia": "pos",
        "apple": "neg"
    },
    "594": {
        "apple": "neutro"
    },
    "595": {
        "nokia": "neutro",
        "google": "neutro",
        "apple": "neg"
    },
    "596": {
        "nokia": "neutro",
        "google": "pos",
        "apple": "pos"
    },
    "597": {
        "apple": "neutro"
    },
    "598": {
        "google": "neutro"
    },
    "599": {
        "apple": "neutro"
    },
    "600": {
        "microsoft": "neutro",
        "apple": "neutro"
    },
    "601": {
        "apple": "neutro"
    },
    "602": {
        "apple": "neutro"
    },
    "603": {
        "google": "pos",
        "apple": "neutro"
    },
    "604": {
        "nokia": "neg",
        "apple": "neutro"
    },
    "605": {
        "nokia": "neutro",
        "google": "neutro",
        "microsoft": "neutro",
        "apple": "neutro"
    },
    "606": {
        "google": "pos",
        "apple": "neutro"
    },
    "607": {
        "nokia": "pos",
        "microsoft": "neutro",
        "apple": "neg"
    },
    "608": {
        "nokia": "neg",
        "apple": "neutro"
    },
    "609": {
        "apple": "pos"
    },
    "610": {
        "nokia": "neutro",
        "google": "neutro",
        "microsoft": "neutro",
        "apple": "neutro"
    },
    "611": {
        "nokia": "neg",
        "google": "neutro",
        "apple": "neutro"
    },
    "612": {
        "nokia": "neutro",
        "google": "neutro",
        "microsoft": "neutro",
        "apple": "neutro"
    },
    "613": {
        "nokia": "neutro",
        "google": "neutro",
        "microsoft": "neutro",
        "apple": "neutro"
    },
    "614": {
        "apple": "neutro"
    },
    "615": {
        "google": "pos",
        "apple": "pos"
    },
    "616": {
        "nokia": "neutro",
        "google": "neutro",
        "microsoft": "neutro",
        "apple": "neutro"
    },
    "617": {
        "apple": "neutro"
    },
    "618": {
        "apple": "neutro"
    },
    "619": {
        "nokia": "neg",
        "apple": "neutro"
    },
    "620": {
        "nokia": "neg",
        "google": "pos",
        "apple": "neutro"
    },
    "621": {
        "google": "pos",
        "apple": "neutro"
    },
    "622": {
        "nokia": "neg",
        "google": "pos",
        "apple": "neutro"
    },
    "623": {
        "microsoft": "pos",
        "apple": "pos"
    },
    "624": {
        "nokia": "neg",
        "apple": "neutro"
    },
    "625": {
        "nokia": "pos",
        "apple": "neg"
    },
    "626": {
        "apple": "neutro"
    },
    "627": {
        "apple": "neutro"
    },
    "628": {
        "google": "neutro",
        "microsoft": "pos",
        "apple": "neg"
    },
    "629": {
        "nokia": "neg",
        "google": "neutro",
        "microsoft": "neutro",
        "apple": "neutro"
    },
    "630": {
        "apple": "neutro"
    },
    "631": {
        "apple": "neutro"
    },
    "632": {
        "microsoft": "pos",
        "apple": "neg"
    },
    "633": {
        "apple": "neutro"
    },
    "634": {
        "nokia": "neg",
        "apple": "neg"
    },
    "635": {
        "google": "neutro",
        "apple": "neutro"
    },
    "636": {
        "apple": "neutro"
    },
    "637": {
        "nokia": "pos",
        "google": "neutro",
        "microsoft": "pos",
        "apple": "pos"
    },
    "638": {
        "apple": "neutro"
    },
    "639": {
        "apple": "neutro"
    },
    "640": {
        "google": "neutro",
        "microsoft": "pos",
        "apple": "neg"
    },
    "641": {
        "apple": "neutro"
    },
    "642": {
        "google": "pos",
        "microsoft": "neutro",
        "apple": "pos"
    },
    "643": {
        "google": "neg",
        "apple": "neg"
    },
    "644": {
        "apple": "neg"
    },
    "645": {
        "apple": "neutro"
    },
    "646": {
        "apple": "neutro"
    },
    "647": {
        "apple": "pos"
    },
    "648": {
        "nokia": "pos",
        "google": "pos",
        "apple": "neg"
    },
    "649": {
        "google": "neutro",
        "microsoft": "pos",
        "apple": "neutro"
    },
    "650": {
        "nokia": "pos",
        "google": "pos",
        "apple": "pos"
    },
    "651": {
        "apple": "neutro"
    },
    "652": {
        "nokia": "pos",
        "microsoft": "neg",
        "apple": "pos"
    },
    "653": {
        "google": "pos",
        "microsoft": "pos",
        "apple": "pos"
    },
    "654": {
        "google": "neg",
        "microsoft": "neutro",
        "apple": "neutro"
    },
    "655": {
        "apple": "pos"
    },
    "656": {
        "google": "neutro",
        "apple": "neutro"
    },
    "657": {
        "nokia": "neg",
        "apple": "pos"
    },
    "658": {
        "google": "pos",
        "microsoft": "neutro",
        "apple": "pos"
    },
    "659": {
        "nokia": "neutro",
        "google": "pos",
        "microsoft": "pos",
        "apple": "neutro"
    },
    "660": {
        "apple": "pos"
    },
    "661": {
        "apple": "pos"
    },
    "662": {
        "nokia": "neg",
        "google": "neg",
        "apple": "pos"
    },
    "663": {
        "apple": "neg"
    },
    "664": {
        "google": "neg",
        "microsoft": "neg",
        "apple": "neg"
    },
    "665": {
        "apple": "neg"
    },
    "666": {
        "google": "neg",
        "apple": "neutro"
    },
    "667": {
        "nokia": "neutro",
        "apple": "neg"
    },
    "668": {
        "nokia": "neutro",
        "google": "neutro",
        "microsoft": "neutro",
        "apple": "neutro"
    },
    "669": {
        "nokia": "neutro",
        "google": "neutro",
        "apple": "neutro"
    },
    "670": {
        "nokia": "neutro",
        "apple": "neutro"
    },
    "671": {
        "nokia": "neutro",
        "apple": "neutro"
    },
    "672": {
        "nokia": "neutro",
        "google": "neutro",
        "microsoft": "neutro",
        "apple": "neutro"
    },
    "673": {
        "nokia": "pos",
        "google": "neutro",
        "microsoft": "neutro"
    },
    "674": {
        "nokia": "pos",
        "google": "neutro",
        "microsoft": "neutro",
        "apple": "neg"
    },
    "675": {
        "nokia": "neutro",
        "google": "pos",
        "microsoft": "neutro",
        "apple": "pos"
    },
    "676": {
        "nokia": "neutro",
        "apple": "pos"
    },
    "677": {
        "nokia": "neutro",
        "google": "neutro",
        "microsoft": "neutro",
        "apple": "neutro"
    },
    "678": {
        "google": "neutro",
        "microsoft": "neutro",
        "apple": "neutro"
    },
    "679": {
        "nokia": "neutro",
        "google": "neutro",
        "microsoft": "neutro",
        "apple": "neutro"
    },
    "680": {
        "nokia": "neutro",
        "google": "neutro",
        "microsoft": "neutro",
        "apple": "neutro"
    },
    "681": {
        "apple": "neutro"
    },
    "682": {
        "nokia": "neutro",
        "microsoft": "neutro"
    },
    "683": {
        "apple": "pos"
    },
    "684": {
        "apple": "neutro"
    },
    "685": {
        "apple": "neutro"
    },
    "686": {
        "nokia": "pos",
        "google": "neutro",
        "apple": "neutro"
    },
    "687": {
        "google": "pos",
        "apple": "neutro"
    },
    "688": {
        "nokia": "pos",
        "microsoft": "neutro",
        "apple": "neutro"
    },
    "689": {
        "google": "pos",
        "apple": "pos"
    },
    "690": {
        "apple": "neutro"
    },
    "691": {
        "google": "neutro",
        "apple": "neutro"
    },
    "692": {
        "apple": "pos"
    },
    "693": {
        "nokia": "pos",
        "google": "neutro",
        "apple": "neutro"
    },
    "694": {
        "nokia": "neutro",
        "google": "pos",
        "apple": "neg"
    },
    "695": {
        "nokia": "neutro",
        "google": "neutro",
        "apple": "pos"
    },
    "696": {
        "nokia": "neg",
        "google": "pos",
        "microsoft": "neutro",
        "apple": "neutro"
    },
    "697": {
        "apple": "pos"
    },
    "698": {
        "apple": "neg"
    },
    "699": {
        "nokia": "pos",
        "google": "pos",
        "apple": "pos"
    },
    "700": {
        "apple": "neg"
    },
    "701": {
        "apple": "neutro"
    },
    "702": {
        "google": "neutro",
        "apple": "neutro"
    },
    "703": {
        "apple": "pos"
    },
    "704": {
        "apple": "neutro"
    },
    "705": {
        "nokia": "neg",
        "google": "neutro",
        "microsoft": "neutro",
        "apple": "pos"
    },
    "706": {
        "nokia": "pos",
        "google": "pos",
        "apple": "neg"
    },
    "707": {
        "apple": "pos"
    },
    "708": {
        "apple": "neutro"
    },
    "709": {
        "apple": "pos"
    },
    "710": {
        "google": "neutro",
        "apple": "neutro"
    },
    "711": {
        "apple": "neg"
    },
    "712": {
        "google": "pos",
        "microsoft": "neutro",
        "apple": "neutro"
    },
    "713": {
        "apple": "neutro"
    },
    "714": {
        "google": "pos",
        "microsoft": "neutro",
        "apple": "pos"
    },
    "715": {
        "nokia": "neutro",
        "google": "neutro",
        "apple": "neutro"
    },
    "716": {
        "apple": "pos"
    },
    "717": {
        "nokia": "neg",
        "apple": "pos"
    },
    "718": {
        "apple": "pos"
    },
    "719": {
        "google": "neutro",
        "microsoft": "pos",
        "apple": "neutro"
    },
    "720": {
        "apple": "neg"
    },
    "721": {
        "apple": "pos"
    },
    "722": {
        "apple": "neutro"
    },
    "723": {
        "apple": "neutro"
    },
    "724": {
        "google": "neg",
        "microsoft": "neg",
        "apple": "neg"
    },
    "725": {
        "apple": "neutro"
    },
    "726": {
        "nokia": "pos",
        "google": "pos",
        "microsoft": "neutro",
        "apple": "neutro"
    },
    "727": {
        "google": "neutro",
        "apple": "neutro"
    },
    "728": {
        "apple": "neutro"
    },
    "729": {
        "apple": "neutro"
    },
    "730": {
        "apple": "neutro"
    },
    "731": {
        "apple": "neutro"
    },
    "732": {
        "microsoft": "neutro",
        "apple": "neutro"
    },
    "733": {
        "apple": "neutro"
    },
    "734": {
        "apple": "pos"
    },
    "735": {
        "apple": "neutro"
    },
    "736": {
        "apple": "neutro"
    },
    "737": {
        "nokia": "neutro",
        "google": "pos",
        "microsoft": "neutro",
        "apple": "neutro"
    },
    "738": {
        "nokia": "pos",
        "google": "neutro",
        "microsoft": "neutro",
        "apple": "neg"
    },
    "739": {
        "nokia": "neutro",
        "google": "neutro",
        "microsoft": "neutro",
        "apple": "neutro"
    },
    "740": {
        "nokia": "neutro",
        "google": "neutro",
        "microsoft": "neutro",
        "apple": "neutro"
    },
    "741": {
        "nokia": "neutro",
        "google": "neutro",
        "microsoft": "neutro",
        "apple": "neutro"
    },
    "742": {
        "nokia": "neutro",
        "google": "neutro",
        "microsoft": "neutro",
        "apple": "neg"
    },
    "743": {
        "nokia": "neutro",
        "google": "neutro",
        "microsoft": "neutro",
        "apple": "neutro"
    },
    "744": {
        "apple": "neutro"
    },
    "745": {
        "nokia": "neutro",
        "google": "neutro",
        "microsoft": "neutro",
        "apple": "neg"
    },
    "746": {
        "apple": "neg"
    },
    "747": {
        "apple": "neutro"
    },
    "748": {
        "apple": "neutro"
    },
    "749": {
        "nokia": "neutro",
        "apple": "neutro"
    },
    "750": {
        "google": "neutro",
        "apple": "neutro"
    },
    "751": {
        "nokia": "neutro",
        "google": "neutro",
        "microsoft": "neutro",
        "apple": "neutro"
    },
    "752": {
        "google": "neutro",
        "apple": "neutro"
    },
    "753": {
        "apple": "neutro"
    },
    "754": {
        "google": "neutro",
        "apple": "neutro"
    },
    "755": {
        "nokia": "neutro",
        "apple": "neutro"
    },
    "756": {
        "google": "neutro",
        "apple": "neutro"
    },
    "757": {
        "nokia": "pos",
        "google": "pos",
        "apple": "pos"
    },
    "758": {
        "google": "neutro",
        "apple": "neutro"
    },
    "759": {
        "apple": "neutro"
    },
    "760": {
        "apple": "neutro"
    },
    "761": {
        "nokia": "neutro",
        "google": "neutro",
        "microsoft": "neg",
        "apple": "neutro"
    },
    "762": {
        "nokia": "neutro",
        "google": "neutro",
        "microsoft": "neutro",
        "apple": "neutro"
    },
    "763": {
        "google": "neutro",
        "microsoft": "neutro",
        "apple": "neutro"
    },
    "764": {
        "nokia": "pos",
        "google": "neutro",
        "microsoft": "neutro",
        "apple": "pos"
    },
    "765": {
        "google": "neg",
        "apple": "pos"
    },
    "766": {
        "apple": "neutro"
    },
    "767": {
        "apple": "neutro"
    },
    "768": {
        "apple": "neutro"
    },
    "769": {
        "nokia": "neutro",
        "apple": "neutro"
    },
    "770": {
        "apple": "neutro"
    },
    "771": {
        "nokia": "neutro",
        "google": "neg",
        "apple": "pos"
    },
    "772": {
        "nokia": "neutro",
        "google": "neutro",
        "microsoft": "neutro",
        "apple": "neutro"
    },
    "773": {
        "nokia": "neutro",
        "google": "pos",
        "apple": "neutro"
    },
    "774": {
        "nokia": "neutro",
        "google": "pos",
        "microsoft": "neutro",
        "apple": "neutro"
    },
    "775": {
        "apple": "neutro"
    },
    "776": {
        "apple": "pos"
    },
    "777": {
        "nokia": "pos",
        "google": "neutro",
        "microsoft": "neutro",
        "apple": "pos"
    },
    "778": {
        "apple": "neutro"
    },
    "779": {
        "apple": "neutro"
    },
    "780": {
        "google": "neutro",
        "microsoft": "neutro",
        "apple": "neutro"
    },
    "781": {
        "apple": "neutro"
    },
    "782": {
        "nokia": "neutro",
        "google": "neutro",
        "microsoft": "neutro",
        "apple": "neutro"
    },
    "783": {
        "apple": "neutro"
    },
    "784": {
        "apple": "pos"
    },
    "785": {
        "nokia": "neutro",
        "apple": "neutro"
    },
    "786": {
        "nokia": "pos",
        "google": "neutro",
        "microsoft": "neutro",
        "apple": "neutro"
    },
    "787": {
        "google": "neutro",
        "apple": "pos"
    },
    "788": {
        "nokia": "neutro",
        "google": "neutro",
        "apple": "neutro"
    },
    "789": {
        "apple": "neutro"
    },
    "790": {
        "apple": "neutro"
    },
    "791": {
        "google": "neutro",
        "apple": "neutro"
    },
    "792": {
        "google": "neutro",
        "apple": "pos"
    },
    "793": {
        "microsoft": "neutro",
        "apple": "neutro"
    },
    "794": {
        "apple": "neg"
    },
    "795": {
        "microsoft": "neutro",
        "apple": "neutro"
    },
    "796": {
        "nokia": "neutro",
        "google": "neutro",
        "microsoft": "neutro",
        "apple": "neutro"
    },
    "797": {
        "microsoft": "neg",
        "apple": "pos"
    },
    "798": {
        "nokia": "neutro",
        "apple": "neutro"
    },
    "799": {
        "nokia": "neutro",
        "google": "pos",
        "apple": "neutro"
    },
    "800": {
        "apple": "pos"
    },
    "801": {
        "apple": "neutro"
    },
    "802": {
        "nokia": "pos",
        "google": "neutro",
        "apple": "neg"
    },
    "803": {
        "apple": "neg"
    },
    "804": {
        "nokia": "neutro",
        "google": "neutro",
        "apple": "neg"
    },
    "805": {
        "apple": "neutro"
    },
    "806": {
        "nokia": "pos",
        "google": "pos",
        "apple": "neutro"
    },
    "807": {
        "nokia": "pos",
        "google": "pos",
        "apple": "neutro"
    },
    "808": {
        "apple": "pos"
    },
    "809": {
        "nokia": "neutro",
        "google": "neutro",
        "apple": "neutro"
    },
    "810": {
        "nokia": "neutro",
        "apple": "neutro"
    },
    "811": {
        "apple": "neg"
    },
    "812": {
        "google": "neutro",
        "apple": "neutro"
    },
    "813": {
        "apple": "neutro"
    },
    "814": {
        "nokia": "neutro",
        "google": "neutro",
        "apple": "neutro"
    },
    "815": {
        "apple": "neutro"
    },
    "816": {
        "nokia": "neutro",
        "google": "neutro",
        "microsoft": "neutro",
        "apple": "neutro"
    },
    "817": {
        "apple": "neg"
    },
    "818": {
        "nokia": "neutro",
        "google": "neutro",
        "apple": "pos"
    },
    "819": {
        "nokia": "neutro",
        "google": "neutro",
        "apple": "neutro"
    },
    "820": {
        "apple": "neg"
    },
    "821": {
        "nokia": "neutro",
        "google": "pos",
        "apple": "pos"
    },
    "822": {
        "nokia": "neutro",
        "google": "neutro",
        "apple": "pos"
    },
    "823": {
        "google": "neutro",
        "apple": "neutro"
    },
    "824": {
        "apple": "neutro"
    },
    "825": {
        "nokia": "neutro",
        "apple": "neutro"
    },
    "826": {
        "google": "neutro",
        "apple": "neutro"
    },
    "827": {
        "nokia": "neutro",
        "microsoft": "neutro",
        "apple": "neutro"
    },
    "828": {
        "apple": "neutro"
    },
    "829": {
        "google": "neutro",
        "apple": "neutro"
    },
    "830": {
        "nokia": "neutro",
        "apple": "neutro"
    },
    "831": {
        "nokia": "neg",
        "google": "neutro",
        "microsoft": "pos",
        "apple": "pos"
    },
    "832": {
        "apple": "pos"
    },
    "833": {
        "apple": "pos"
    },
    "834": {
        "google": "neutro",
        "apple": "neutro"
    },
    "835": {
        "apple": "pos"
    },
    "836": {
        "nokia": "neutro",
        "google": "neutro",
        "apple": "neutro"
    },
    "837": {
        "nokia": "pos",
        "google": "neutro",
        "apple": "neutro"
    },
    "838": {
        "apple": "neutro"
    },
    "839": {
        "apple": "pos"
    },
    "840": {
        "apple": "neutro"
    },
    "841": {
        "nokia": "neutro",
        "google": "neutro",
        "apple": "neutro"
    },
    "842": {
        "nokia": "neutro",
        "microsoft": "neutro",
        "apple": "neutro"
    },
    "843": {
        "nokia": "neutro",
        "google": "neutro",
        "microsoft": "neutro",
        "apple": "pos"
    },
    "844": {
        "nokia": "neutro",
        "microsoft": "neutro",
        "apple": "neutro"
    },
    "845": {
        "apple": "neutro"
    },
    "846": {
        "apple": "neutro"
    },
    "847": {
        "apple": "neutro"
    },
    "848": {
        "google": "neutro",
        "apple": "neutro"
    },
    "849": {
        "nokia": "neutro",
        "google": "neutro",
        "apple": "neutro"
    },
    "850": {
        "apple": "neutro"
    },
    "851": {
        "apple": "neutro"
    },
    "852": {
        "nokia": "neutro",
        "google": "neutro",
        "apple": "neutro"
    },
    "853": {
        "nokia": "neutro",
        "google": "neutro",
        "apple": "neutro"
    },
    "854": {
        "apple": "neutro"
    },
    "855": {
        "nokia": "neutro",
        "google": "neutro",
        "microsoft": "neutro",
        "apple": "pos"
    },
    "856": {
        "apple": "neutro"
    },
    "857": {
        "apple": "neutro"
    },
    "858": {
        "google": "neutro",
        "microsoft": "neutro",
        "apple": "neutro"
    },
    "859": {
        "apple": "neutro"
    },
    "860": {
        "google": "neutro",
        "microsoft": "neutro",
        "apple": "neutro"
    },
    "861": {
        "apple": "neutro"
    },
    "862": {
        "nokia": "neutro",
        "google": "neutro",
        "apple": "pos"
    },
    "863": {
        "nokia": "neutro",
        "google": "neutro",
        "apple": "pos"
    },
    "864": {
        "nokia": "neutro",
        "google": "neutro",
        "apple": "neutro"
    },
    "865": {
        "nokia": "neutro",
        "apple": "neg"
    },
    "866": {
        "nokia": "neutro",
        "apple": "neutro"
    },
    "867": {
        "nokia": "neutro",
        "google": "neutro",
        "microsoft": "neutro",
        "apple": "neutro"
    },
    "868": {
        "nokia": "neutro",
        "apple": "neutro"
    },
    "869": {
        "nokia": "neutro",
        "google": "neutro",
        "microsoft": "pos",
        "apple": "neutro"
    },
    "870": {
        "google": "neutro",
        "microsoft": "neutro",
        "apple": "neutro"
    },
    "871": {
        "apple": "neutro"
    },
    "872": {
        "nokia": "neutro",
        "apple": "neutro"
    },
    "873": {
        "nokia": "neutro",
        "apple": "neutro"
    },
    "874": {
        "nokia": "neutro",
        "apple": "neutro"
    },
    "875": {
        "nokia": "neutro",
        "apple": "neutro"
    },
    "876": {
        "nokia": "neutro",
        "google": "neutro",
        "apple": "pos"
    },
    "877": {
        "nokia": "neutro",
        "google": "neutro",
        "apple": "pos"
    },
    "878": {
        "apple": "neutro"
    },
    "879": {
        "microsoft": "neutro",
        "apple": "neutro"
    },
    "880": {
        "apple": "neutro"
    },
    "881": {
        "apple": "neutro"
    },
    "882": {
        "nokia": "neutro",
        "apple": "neutro"
    },
    "883": {
        "nokia": "neutro",
        "google": "neutro",
        "apple": "neutro"
    },
    "884": {
        "nokia": "neutro",
        "apple": "neutro"
    },
    "885": {
        "nokia": "neutro",
        "google": "neutro",
        "microsoft": "neutro",
        "apple": "neutro"
    },
    "886": {
        "apple": "neg"
    },
    "887": {
        "nokia": "pos",
        "google": "neutro",
        "microsoft": "neutro",
        "apple": "neutro"
    },
    "888": {
        "google": "neutro",
        "apple": "pos"
    },
    "889": {
        "google": "neg",
        "apple": "neutro"
    },
    "890": {
        "apple": "neutro"
    },
    "891": {
        "nokia": "neutro",
        "google": "neutro",
        "apple": "pos"
    },
    "892": {
        "nokia": "neutro",
        "apple": "neutro"
    },
    "893": {
        "apple": "neg"
    },
    "894": {
        "google": "neutro",
        "apple": "neutro"
    },
    "895": {
        "google": "neutro",
        "apple": "pos"
    },
    "896": {
        "apple": "neg"
    },
    "897": {
        "apple": "neutro"
    },
    "898": {
        "apple": "pos"
    },
    "899": {
        "nokia": "neutro",
        "google": "neg",
        "microsoft": "neutro",
        "apple": "neutro"
    },
    "900": {
        "apple": "neg"
    },
    "901": {
        "apple": "neutro"
    },
    "902": {
        "apple": "neutro"
    },
    "903": {
        "nokia": "neutro",
        "apple": "neutro"
    },
    "904": {
        "nokia": "neutro",
        "google": "pos",
        "microsoft": "neutro",
        "apple": "pos"
    },
    "905": {
        "nokia": "neutro",
        "apple": "neutro"
    },
    "906": {
        "nokia": "neutro",
        "apple": "neutro"
    },
    "907": {
        "nokia": "neutro",
        "google": "neutro",
        "microsoft": "neutro",
        "apple": "neutro"
    },
    "908": {
        "apple": "neutro"
    },
    "909": {
        "apple": "pos"
    },
    "910": {
        "nokia": "neg",
        "google": "neutro",
        "microsoft": "neutro",
        "apple": "pos"
    },
    "911": {
        "google": "pos",
        "apple": "pos"
    },
    "912": {
        "apple": "neutro"
    },
    "913": {
        "nokia": "neutro",
        "google": "neutro",
        "apple": "neutro"
    },
    "914": {
        "google": "neutro",
        "apple": "neutro"
    },
    "915": {
        "nokia": "neg",
        "apple": "pos"
    },
    "916": {
        "nokia": "neutro",
        "google": "neutro",
        "apple": "neutro"
    },
    "917": {
        "nokia": "neutro",
        "google": "neg",
        "apple": "neutro"
    },
    "918": {
        "apple": "pos"
    },
    "919": {
        "nokia": "neg",
        "google": "neutro",
        "apple": "pos"
    },
    "920": {
        "apple": "neutro"
    },
    "921": {
        "google": "neutro",
        "apple": "neutro"
    },
    "922": {
        "apple": "neg"
    },
    "923": {
        "apple": "pos"
    },
    "924": {
        "nokia": "neg",
        "google": "neutro",
        "apple": "pos"
    },
    "925": {
        "nokia": "neg",
        "google": "neutro",
        "apple": "pos"
    },
    "926": {
        "nokia": "neutro",
        "google": "neutro",
        "apple": "neutro"
    },
    "927": {
        "apple": "neutro"
    },
    "928": {
        "apple": "neutro"
    },
    "929": {
        "google": "neutro",
        "microsoft": "neutro",
        "apple": "neutro"
    },
    "930": {
        "google": "neutro",
        "apple": "pos"
    },
    "931": {
        "nokia": "neutro",
        "microsoft": "neutro",
        "apple": "pos"
    },
    "932": {
        "nokia": "neutro",
        "apple": "pos"
    },
    "933": {
        "apple": "neutro"
    },
    "934": {
        "apple": "neutro"
    },
    "935": {
        "nokia": "neg",
        "apple": "pos"
    },
    "936": {
        "microsoft": "pos",
        "apple": "pos"
    },
    "937": {
        "nokia": "neg",
        "apple": "pos"
    },
    "938": {
        "nokia": "neutro",
        "google": "neutro",
        "microsoft": "pos",
        "apple": "pos"
    },
    "939": {
        "apple": "neutro"
    },
    "940": {
        "nokia": "neutro",
        "google": "pos",
        "microsoft": "pos",
        "apple": "pos"
    },
    "941": {
        "google": "neutro",
        "microsoft": "neutro",
        "apple": "neutro"
    },
    "942": {
        "google": "neg",
        "microsoft": "pos"
    },
    "943": {
        "google": "neg",
        "microsoft": "pos"
    },
    "944": {
        "google": "neg",
        "microsoft": "neutro"
    },
    "945": {
        "microsoft": "neutro"
    },
    "946": {
        "microsoft": "pos",
        "apple": "neutro"
    },
    "947": {
        "microsoft": "neutro"
    },
    "948": {
        "nokia": "neg",
        "google": "neutro",
        "microsoft": "neutro",
        "apple": "neutro"
    },
    "949": {
        "microsoft": "neutro"
    },
    "950": {
        "google": "pos",
        "microsoft": "neutro"
    },
    "951": {
        "google": "neutro",
        "microsoft": "neutro",
        "apple": "neutro"
    },
    "952": {
        "google": "neg",
        "microsoft": "pos"
    },
    "953": {
        "microsoft": "neutro"
    },
    "954": {
        "microsoft": "neutro"
    },
    "955": {
        "microsoft": "neutro"
    },
    "956": {
        "microsoft": "pos"
    },
    "957": {
        "microsoft": "pos"
    },
    "958": {
        "google": "neutro",
        "microsoft": "neutro"
    },
    "959": {
        "google": "neutro",
        "microsoft": "neutro"
    },
    "960": {
        "microsoft": "neutro"
    },
    "961": {
        "microsoft": "neutro"
    },
    "962": {
        "google": "neutro",
        "microsoft": "neutro",
        "apple": "neutro"
    },
    "963": {
        "google": "neutro",
        "microsoft": "neutro"
    },
    "964": {
        "google": "pos",
        "microsoft": "neutro",
        "apple": "neutro"
    },
    "965": {
        "google": "neutro",
        "microsoft": "neutro"
    },
    "966": {
        "nokia": "neutro",
        "google": "neutro",
        "microsoft": "neutro",
        "apple": "neutro"
    },
    "967": {
        "nokia": "neutro",
        "microsoft": "neutro",
        "apple": "neutro"
    },
    "968": {
        "microsoft": "neutro"
    },
    "969": {
        "microsoft": "neutro"
    },
    "970": {
        "nokia": "neg",
        "google": "neutro",
        "microsoft": "neutro",
        "apple": "neutro"
    },
    "971": {
        "microsoft": "neutro"
    },
    "972": {
        "microsoft": "neutro",
        "apple": "neutro"
    },
    "973": {
        "nokia": "neutro",
        "google": "neutro",
        "microsoft": "neutro",
        "apple": "neutro"
    },
    "974": {
        "google": "neutro",
        "microsoft": "neutro"
    },
    "975": {
        "google": "neutro",
        "microsoft": "pos"
    },
    "976": {
        "google": "neutro",
        "microsoft": "pos"
    },
    "977": {
        "nokia": "neutro",
        "google": "neutro",
        "microsoft": "neutro",
        "apple": "neg"
    },
    "978": {
        "google": "neg",
        "microsoft": "neutro"
    },
    "979": {
        "nokia": "neutro",
        "google": "neutro",
        "microsoft": "neutro",
        "apple": "neutro"
    },
    "980": {
        "nokia": "neutro",
        "microsoft": "pos",
        "apple": "pos"
    },
    "981": {
        "microsoft": "neutro",
        "apple": "neutro"
    },
    "982": {
        "microsoft": "neutro"
    },
    "983": {
        "microsoft": "pos"
    },
    "984": {
        "microsoft": "pos",
        "apple": "neutro"
    },
    "985": {
        "google": "pos",
        "microsoft": "neutro"
    },
    "986": {
        "google": "neutro",
        "microsoft": "pos",
        "apple": "neutro"
    },
    "987": {
        "microsoft": "neutro"
    },
    "988": {
        "microsoft": "neutro"
    },
    "989": {
        "nokia": "neutro",
        "microsoft": "neutro"
    },
    "990": {
        "google": "pos",
        "microsoft": "neutro"
    },
    "991": {
        "nokia": "neutro",
        "google": "neutro",
        "microsoft": "neutro",
        "apple": "pos"
    },
    "992": {
        "microsoft": "neutro"
    },
    "993": {
        "microsoft": "neutro"
    },
    "994": {
        "microsoft": "neutro",
        "apple": "neutro"
    },
    "995": {
        "nokia": "neg",
        "google": "neutro",
        "microsoft": "neutro",
        "apple": "neutro"
    },
    "996": {
        "google": "neutro",
        "microsoft": "neutro"
    },
    "997": {
        "nokia": "neutro",
        "google": "neutro",
        "microsoft": "neutro"
    },
    "998": {
        "microsoft": "neg",
        "apple": "neutro"
    },
    "999": {
        "nokia": "neutro",
        "microsoft": "neutro",
        "apple": "neutro"
    },
    "1000": {
        "microsoft": "neg"
    }
}